email,subject,message
fghgf@sdrfg.sdfg,sdfg,aergfae
sdff@asfgarg.awrgf,awerfvrf,aerggaverg
serg@esdgset,setghshg,"setgfseghg
sethstrh
stehset
teh
srthstr"
sdtg@djfhg.arezdgf,aesrgthydjukighoiugyftgfdz,"zsDFghcvjuihougkjhgnmcbxvzfdeargtsdyhjuigoulhkjioulhpiugyftrewqsadfghjkljmnbvcxzcvbnhmjkliuytrewsadfghj
dsfggggggggggggggggggggggggggeirsgnbsdfbrhiwuesgbkuavehkiaergu
arwvguihwrtiahoqiuhrguiwhbonvsoiref
awrevhnerivthnsthkzasaliuhvqai
awrovhunirtnqoirtoipfvqa
rgqvnoirhgnqqrgobgnjhfbdgnkhjdgfbkjhkjhkjdgfkjhdgfkhjdgfhkjreuidfgkjhewfopwekjdfj"
sdfg@sdfg.adfg,adfg,adeg
dfg@drg,dsgh,sdgfh
